teacher,tradition_teacher,subreddit,tradition_sub,count
Ajahn Brahm,theravada,streamentry,theravada,3
Ajahn Brahm,theravada,theravada,theravada,1
Ajahn Chah,theravada,Dzogchen,tibetan,1
Ajahn Chah,theravada,PureLand,pureland,1
Ajahn Chah,theravada,streamentry,theravada,4
Ajahn Chah,theravada,theravada,theravada,9
Ajahn Sumedho,theravada,streamentry,theravada,1
Ajahn Sumedho,theravada,theravada,theravada,2
Alan Watts,zen,Chan,zen,1
Alan Watts,zen,secularbuddhism,secular,1
Alan Watts,zen,streamentry,theravada,1
Alan Watts,zen,zen,zen,4
Bhikkhu Bodhi,theravada,streamentry,theravada,1
Bhikkhu Bodhi,theravada,theravada,theravada,2
Buddhadasa,unknown,secularbuddhism,secular,1
Buddhadasa,unknown,streamentry,theravada,1
Chogyam Trungpa,tibetan,Dzogchen,tibetan,1
Culadasa,unknown,streamentry,theravada,18
Dahui,unknown,Chan,zen,4
Dalai Lama,tibetan,Buddhism,general,6
Dalai Lama,tibetan,Dzogchen,tibetan,2
Dalai Lama,tibetan,TibetanBuddhism,tibetan,20
Dalai Lama,tibetan,secularbuddhism,secular,5
Dalai Lama,tibetan,vajrayana,tibetan,6
Dilgo Khyentse,tibetan,Dzogchen,tibetan,8
Dilgo Khyentse,tibetan,PureLand,pureland,1
Dilgo Khyentse,tibetan,TibetanBuddhism,tibetan,1
Dilgo Khyentse,tibetan,vajrayana,tibetan,4
Dudjom Lingpa,unknown,Dzogchen,tibetan,1
Dudjom Lingpa,unknown,TibetanBuddhism,tibetan,1
Dudjom Rinpoche,unknown,Dzogchen,tibetan,9
Dudjom Rinpoche,unknown,vajrayana,tibetan,5
Honen,pureland,PureLand,pureland,3
Jack Kornfield,secular,streamentry,theravada,2
Karma Chagme,unknown,Dzogchen,tibetan,2
Leigh Brasington,unknown,streamentry,theravada,3
Longchenpa,unknown,Dzogchen,tibetan,2
Longchenpa,unknown,TibetanBuddhism,tibetan,1
Longchenpa,unknown,streamentry,theravada,2
Longchenpa,unknown,vajrayana,tibetan,3
Mahasi Sayadaw,theravada,streamentry,theravada,3
Mahasi Sayadaw,theravada,theravada,theravada,2
Mahasi Sayadaw,theravada,vipassana,theravada,1
Milarepa,unknown,Dzogchen,tibetan,1
Milarepa,unknown,vajrayana,tibetan,2
Mingyur Rinpoche,tibetan,Dzogchen,tibetan,2
Mingyur Rinpoche,tibetan,TibetanBuddhism,tibetan,5
Mingyur Rinpoche,tibetan,vajrayana,tibetan,4
Nagarjuna,unknown,Dzogchen,tibetan,1
Patrul Rinpoche,unknown,Dzogchen,tibetan,5
Pema Chodron,tibetan,vajrayana,tibetan,1
Rob Burbea,unknown,streamentry,theravada,10
Sam Harris,secular,secularbuddhism,secular,1
Sam Harris,secular,vipassana,theravada,1
Sayadaw U Tejaniya,theravada,vipassana,theravada,1
Shandao,unknown,PureLand,pureland,4
Shantideva,unknown,TibetanBuddhism,tibetan,1
Sharon Salzberg,secular,Dzogchen,tibetan,1
Sheng Yen,unknown,Chan,zen,15
Shinran,pureland,PureLand,pureland,2
Shinzen Young,secular,secularbuddhism,secular,2
Shinzen Young,secular,streamentry,theravada,8
Shunryu Suzuki,zen,streamentry,theravada,2
Thanissaro Bhikkhu,theravada,theravada,theravada,11
Thich Nhat Hanh,vietnamese,Buddhism,general,8
Thich Nhat Hanh,vietnamese,secularbuddhism,secular,1
Tsoknyi Rinpoche,tibetan,Dzogchen,tibetan,2
Tsoknyi Rinpoche,tibetan,TibetanBuddhism,tibetan,1
Xu Yun,unknown,Chan,zen,1
