teacher,tradition,total_mentions,n_subreddits
Dalai Lama,tibetan,39,5
Culadasa,secular,18,1
Dudjom Rinpoche,tibetan,16,2
Sheng Yen,zen,15,1
Dilgo Khyentse,tibetan,14,4
Ajahn Chah,theravada,14,3
Mingyur Rinpoche,tibetan,11,3
Longchenpa,tibetan,10,4
Rob Burbea,secular,10,1
Shinzen Young,secular,10,2
Thanissaro Bhikkhu,theravada,9,1
Thich Nhat Hanh,vietnamese,9,2
Alan Watts,zen,7,4
Mahasi Sayadaw,theravada,6,3
Patrul Rinpoche,tibetan,5,1
Shandao,pureland,4,1
Milarepa,tibetan,4,2
Dahui,zen,4,1
Bhikkhu Bodhi,theravada,3,2
Honen,pureland,3,1
Leigh Brasington,secular,3,1
Dudjom Lingpa,tibetan,3,3
Buddhadasa,theravada,3,3
Karma Chagme,tibetan,3,2
Ajahn Brahm,theravada,3,1
Ajahn Sumedho,theravada,3,2
Tsoknyi Rinpoche,tibetan,3,2
Shinran,pureland,2,1
Shunryu Suzuki,zen,2,1
Jack Kornfield,secular,2,1
Sam Harris,secular,2,2
Xu Yun,zen,1,1
Sharon Salzberg,secular,1,1
Nagarjuna,tibetan,1,1
Chogyam Trungpa,tibetan,1,1
Shantideva,tibetan,1,1
Pema Chodron,tibetan,1,1
Sayadaw U Tejaniya,theravada,1,1
Niguma,tibetan,1,1
Ajahn Maha Boowa,theravada,1,1
